Time (t),d,f(d),erro
T01,00.355826,-0.078242,00.144174
T02,00.323474,-0.003965,00.032353
T03,00.321649,-0.000013,00.001825
